alpha,beta,num_topics,coherence
0.1,0.1,5,0.3209294240493429
0.1,0.1,6,0.3467057299980507
